Network,Sum
bsc,105.19472296238827
Execution Time,2925.9522500038147
