Network,Sum
bsc,105.19472296238827
Execution Time,3225.9853749275208
