Network,Sum
bsc,105.19472296238827
Execution Time,3857.1065410375595
