Network,Sum
eth,20524.259398443806
Execution Time,4230.001165986061
