Network,Sum
eth,20524.259398443806
Execution Time,3728.362375020981
