Network,Sum
eth,20529.344372415777
Execution Time,2960.0727080106735
